{"cameraMode":{"drawMode":0,"name":"Shaded","section":"Shading Mode"},"sceneLighting":true,"audioPlay":false,"sceneViewState":{"m_AlwaysRefresh":false,"showFog":true,"showSkybox":true,"showFlares":true,"showImageEffects":true,"showParticleSystems":true,"showVisualEffectGraphs":true,"m_FxEnabled":true},"in2DMode":false,"pivot":{"x":580.0748901367188,"y":607.1123657226563,"z":-10.691146850585938},"rotation":{"x":0.0014996001264080406,"y":0.0230995025485754,"z":-0.000034651347959879786,"w":0.9997320771217346},"size":498.7586364746094,"orthographic":true}